Justin|password|1001||Owner|1
Lauren|lauren|1002||Client|1
admin|admin|1003||Admin|1
Bob|baseball|1004||Owner|2
bee|bee|1007|bee@gmail.com|Client|2
apple|apple|1008|apple@gmail.com|Owner|3
banana|banana|1009|banana@gmail.com|Client|3
cat|cat|1010|cat@gmail.com|Client|4
Owen|owner|1015|owen@gmail.com|Owner|4
David|Choi|1016|sangohchoi90@gmail.com|Owner|5

